                  epoch,         train/box_loss,         train/cls_loss,         train/dfl_loss,   metrics/precision(B),      metrics/recall(B),       metrics/mAP50(B),    metrics/mAP50-95(B),           val/box_loss,           val/cls_loss,           val/dfl_loss,                 lr/pg0,                 lr/pg1,                 lr/pg2
                      1,                 1.3417,                 3.1916,                 1.7116,                0.18615,                0.38108,                0.22652,                0.12716,                 1.4048,                 2.5879,                  2.036,             0.00027586,             0.00027586,             0.00027586
                      2,                 1.3046,                 2.5136,                 1.6565,                0.19892,                  0.462,                0.26421,                0.14083,                 1.5703,                 2.3044,                 2.1856,             0.00055079,             0.00055079,             0.00055079
                      3,                 1.3117,                 2.3297,                 1.6389,                0.25904,                0.27325,                0.23976,                0.11965,                 1.5463,                 2.3862,                 2.1464,             0.00082297,             0.00082297,             0.00082297
                      4,                  1.309,                 2.1315,                 1.6264,                 0.3005,                0.40161,                0.35216,                0.19324,                 1.5204,                 1.9017,                 2.0371,             0.00082063,             0.00082063,             0.00082063
                      5,                 1.2958,                 1.9868,                 1.6144,                0.40885,                0.40193,                0.40595,                0.22784,                 1.5131,                 1.9054,                 2.0576,             0.00081651,             0.00081651,             0.00081651
                      6,                  1.258,                 1.9038,                 1.5957,                0.48627,                0.34364,                0.36265,                0.21234,                 1.4437,                 1.8983,                 2.0621,             0.00081238,             0.00081238,             0.00081238
                      7,                 1.2502,                 1.7992,                 1.5674,                0.34921,                0.50126,                0.39969,                 0.2321,                  1.453,                 2.0142,                 2.0521,             0.00080826,             0.00080826,             0.00080826
                      8,                 1.2438,                  1.725,                 1.5711,                 0.3415,                0.55628,                0.47169,                 0.2785,                 1.3344,                 1.6239,                 1.8858,             0.00080414,             0.00080414,             0.00080414
                      9,                 1.2087,                 1.6666,                 1.5429,                0.36244,                0.48528,                0.42057,                 0.2526,                 1.4342,                 1.7624,                 1.9789,             0.00080001,             0.00080001,             0.00080001
                     10,                 1.1928,                 1.5998,                 1.5285,                0.42794,                0.46928,                0.44169,                0.27003,                 1.4473,                 1.8269,                 1.9414,             0.00079589,             0.00079589,             0.00079589
                     11,                 1.1839,                 1.5706,                 1.5218,                0.42026,                0.55126,                 0.5216,                0.31212,                 1.3809,                 1.4335,                  1.897,             0.00079177,             0.00079177,             0.00079177
                     12,                 1.1639,                 1.5164,                 1.4984,                0.48104,                0.43929,                0.45613,                0.28214,                 1.3173,                 1.7993,                 1.8442,             0.00078764,             0.00078764,             0.00078764
                     13,                 1.1477,                  1.481,                 1.5044,                0.50282,                0.55602,                0.49551,                0.30248,                 1.3535,                 1.5627,                 1.8696,             0.00078352,             0.00078352,             0.00078352
                     14,                 1.1488,                 1.4675,                 1.4847,                0.52228,                0.44267,                0.46291,                 0.2794,                 1.3376,                 1.6927,                 1.8554,              0.0007794,              0.0007794,              0.0007794
                     15,                 1.1458,                 1.4327,                 1.4957,                0.50526,                0.59859,                0.55131,                0.34738,                 1.3235,                 1.4074,                 1.8387,             0.00077527,             0.00077527,             0.00077527
                     16,                 1.1211,                 1.3843,                 1.4603,                0.53123,                0.51988,                0.53249,                0.34226,                  1.277,                  1.433,                 1.7943,             0.00077115,             0.00077115,             0.00077115
                     17,                 1.1162,                 1.3626,                 1.4576,                0.51277,                0.62159,                0.57063,                0.35155,                 1.3156,                 1.5108,                 1.8585,             0.00076703,             0.00076703,             0.00076703
                     18,                 1.0922,                 1.3347,                 1.4479,                0.44391,                0.63594,                0.55305,                0.35525,                 1.2685,                 1.5197,                 1.7718,              0.0007629,              0.0007629,              0.0007629
                     19,                 1.1048,                 1.3111,                 1.4554,                 0.5978,                0.51583,                0.55098,                0.34191,                 1.3041,                 1.4049,                 1.8594,             0.00075878,             0.00075878,             0.00075878
                     20,                 1.0972,                 1.2571,                 1.4487,                0.58048,                0.54222,                 0.5982,                0.37692,                 1.2845,                 1.3226,                 1.8028,             0.00075466,             0.00075466,             0.00075466
                     21,                 1.0667,                 1.2655,                  1.419,                0.57363,                0.55383,                0.56016,                   0.35,                 1.3522,                 1.5048,                  1.866,             0.00075053,             0.00075053,             0.00075053
                     22,                 1.0607,                  1.209,                  1.412,                0.64917,                0.55545,                0.60226,                0.38654,                  1.324,                 1.4188,                 1.8344,             0.00074641,             0.00074641,             0.00074641
                     23,                 1.0672,                 1.2088,                 1.4175,                 0.5777,                0.53621,                0.56949,                0.34282,                 1.3768,                 1.4298,                 1.8876,             0.00074229,             0.00074229,             0.00074229
                     24,                 1.0433,                 1.2026,                 1.4121,                0.64132,                 0.5413,                0.59535,                0.38397,                 1.2528,                 1.3029,                 1.7897,             0.00073816,             0.00073816,             0.00073816
                     25,                 1.0435,                 1.1744,                 1.4052,                0.70846,                0.59086,                0.61811,                0.40488,                 1.2823,                 1.3384,                 1.7908,             0.00073404,             0.00073404,             0.00073404
                     26,                 1.0387,                 1.1341,                 1.4006,                0.72334,                0.56009,                0.64362,                0.41028,                 1.2938,                 1.3194,                 1.7836,             0.00072992,             0.00072992,             0.00072992
                     27,                  1.045,                 1.1302,                 1.3942,                0.57612,                0.57299,                 0.5771,                0.37609,                 1.2644,                 1.3613,                  1.781,             0.00072579,             0.00072579,             0.00072579
                     28,                  1.033,                 1.0885,                 1.3855,                0.55462,                0.49354,                0.53688,                 0.3375,                 1.2916,                 1.4402,                  1.793,             0.00072167,             0.00072167,             0.00072167
                     29,                 1.0088,                 1.0742,                 1.3831,                0.63334,                0.56895,                0.62096,                0.39492,                 1.2927,                  1.294,                  1.801,             0.00071755,             0.00071755,             0.00071755
                     30,                0.99271,                   1.04,                 1.3675,                0.59395,                0.55478,                0.58721,                0.38356,                 1.2491,                 1.4741,                 1.7561,             0.00071342,             0.00071342,             0.00071342
                     31,                0.97933,                 1.0451,                 1.3607,                0.60582,                0.56061,                0.59763,                 0.3722,                 1.3358,                 1.4053,                 1.8718,              0.0007093,              0.0007093,              0.0007093
                     32,                0.99922,                 1.0499,                 1.3669,                0.58172,                0.62555,                0.62809,                0.40236,                 1.3387,                 1.4243,                 1.8507,             0.00070518,             0.00070518,             0.00070518
                     33,                0.98889,                 1.0351,                 1.3651,                0.63135,                0.62257,                0.62275,                0.39941,                  1.268,                 1.3465,                 1.8029,             0.00070105,             0.00070105,             0.00070105
                     34,                0.99298,                 1.0059,                 1.3626,                0.67662,                  0.589,                0.62629,                0.40575,                 1.2979,                 1.3504,                 1.8161,             0.00069693,             0.00069693,             0.00069693
                     35,                0.97286,                0.98784,                 1.3423,                0.67951,                0.55365,                0.61891,                0.41223,                 1.2741,                 1.3021,                 1.8024,             0.00069281,             0.00069281,             0.00069281
                     36,                0.96524,                0.96609,                 1.3357,                0.67188,                0.58697,                0.61937,                0.40227,                 1.3231,                 1.3554,                 1.8352,             0.00068868,             0.00068868,             0.00068868
                     37,                0.95271,                0.96133,                 1.3309,                0.63674,                0.51793,                0.58358,                0.37427,                 1.3068,                 1.3403,                 1.8612,             0.00068456,             0.00068456,             0.00068456
                     38,                0.95047,                0.97478,                 1.3409,                0.58044,                0.61087,                0.60643,                0.38341,                 1.3554,                 1.3934,                 1.8932,             0.00068044,             0.00068044,             0.00068044
                     39,                0.95437,                0.94721,                  1.328,                0.65368,                0.60825,                0.65379,                  0.404,                 1.3144,                 1.2743,                 1.8539,             0.00067631,             0.00067631,             0.00067631
                     40,                0.95367,                0.92252,                 1.3218,                0.72006,                0.56886,                0.62342,                 0.3987,                 1.3405,                 1.3961,                 1.8764,             0.00067219,             0.00067219,             0.00067219
                     41,                0.92769,                0.91761,                 1.3162,                 0.6607,                0.57143,                 0.5987,                0.38982,                 1.3283,                 1.4318,                 1.8792,             0.00066807,             0.00066807,             0.00066807
                     42,                0.93121,                0.90325,                  1.315,                0.72771,                0.58757,                0.63381,                0.40243,                 1.3406,                 1.3641,                 1.8738,             0.00066394,             0.00066394,             0.00066394
                     43,                0.91067,                0.88867,                 1.3111,                0.62645,                0.62099,                0.63303,                0.39911,                 1.3454,                 1.3319,                 1.8751,             0.00065982,             0.00065982,             0.00065982
                     44,                0.93234,                0.89816,                 1.3116,                0.66123,                0.60728,                0.61986,                0.40662,                 1.3304,                 1.2826,                 1.8813,              0.0006557,              0.0006557,              0.0006557
                     45,                0.93181,                0.88709,                 1.3018,                0.60774,                0.60953,                0.59124,                0.37405,                 1.3403,                 1.3708,                 1.8476,             0.00065157,             0.00065157,             0.00065157
                     46,                0.89203,                0.87412,                 1.2808,                0.69756,                0.58661,                0.63552,                0.39898,                 1.3211,                 1.3055,                 1.8686,             0.00064745,             0.00064745,             0.00064745
                     47,                0.89509,                0.84129,                 1.2828,                0.70497,                0.63635,                0.68703,                0.44598,                 1.2927,                 1.2607,                 1.8436,             0.00064333,             0.00064333,             0.00064333
                     48,                0.88861,                0.84834,                 1.2804,                0.63451,                0.59384,                 0.6279,                0.40637,                 1.2838,                 1.2804,                 1.8428,              0.0006392,              0.0006392,              0.0006392
                     49,                0.88428,                0.84709,                 1.2896,                0.67575,                 0.5348,                0.59448,                0.37795,                 1.3359,                  1.403,                 1.9205,             0.00063508,             0.00063508,             0.00063508
                     50,                0.88657,                 0.8202,                 1.2771,                0.69116,                0.56756,                0.62383,                0.38335,                 1.3687,                   1.26,                 1.9328,             0.00063096,             0.00063096,             0.00063096
                     51,                0.88813,                0.81325,                 1.2798,                0.71234,                0.56871,                 0.6294,                0.39942,                  1.298,                 1.3377,                  1.844,             0.00062683,             0.00062683,             0.00062683
                     52,                0.86914,                0.81315,                   1.28,                0.64475,                 0.6138,                0.61115,                0.39278,                 1.3188,                 1.3823,                 1.8765,             0.00062271,             0.00062271,             0.00062271
                     53,                0.85959,                0.81706,                 1.2691,                0.67261,                0.64526,                0.65581,                0.41353,                 1.3513,                 1.2878,                 1.9488,             0.00061859,             0.00061859,             0.00061859
                     54,                0.86115,                0.79543,                 1.2587,                0.59942,                 0.6027,                0.62937,                0.38712,                 1.3598,                 1.2964,                 1.9336,             0.00061446,             0.00061446,             0.00061446
                     55,                0.84956,                 0.7844,                 1.2613,                0.70926,                0.59891,                0.64446,                0.41278,                 1.3409,                 1.2749,                 1.8952,             0.00061034,             0.00061034,             0.00061034
                     56,                0.84289,                0.78822,                 1.2507,                0.69967,                0.55779,                0.63519,                0.41386,                  1.326,                 1.3536,                 1.9224,             0.00060622,             0.00060622,             0.00060622
                     57,                0.86272,                 0.7895,                 1.2628,                0.80029,                0.56071,                0.66167,                0.41861,                 1.3324,                 1.3982,                 1.9137,             0.00060209,             0.00060209,             0.00060209
                     58,                0.86254,                0.78398,                 1.2651,                 0.6792,                0.57279,                0.62268,                0.41175,                 1.3199,                  1.505,                 1.9041,             0.00059797,             0.00059797,             0.00059797
                     59,                0.84696,                0.77916,                 1.2547,                0.69198,                0.58488,                0.62322,                0.39421,                 1.3007,                 1.3232,                 1.8528,             0.00059385,             0.00059385,             0.00059385
                     60,                0.84436,                0.76367,                 1.2503,                0.70719,                0.55058,                0.62308,                0.39288,                 1.3077,                   1.34,                 1.9103,             0.00058972,             0.00058972,             0.00058972
                     61,                 0.8216,                0.75295,                  1.239,                0.75677,                0.58711,                  0.667,                 0.4244,                 1.2883,                 1.3136,                 1.8716,              0.0005856,              0.0005856,              0.0005856
                     62,                0.84526,                0.74787,                 1.2484,                0.67814,                0.61134,                0.65938,                0.43017,                 1.2994,                 1.2559,                 1.8732,             0.00058148,             0.00058148,             0.00058148
                     63,                0.82293,                0.73576,                 1.2367,                0.68343,                0.62452,                0.66202,                0.42658,                 1.3214,                 1.3111,                 1.8916,             0.00057735,             0.00057735,             0.00057735
                     64,                0.82706,                0.75357,                 1.2449,                0.69421,                0.56497,                0.61852,                0.39884,                 1.3567,                 1.2955,                 1.9848,             0.00057323,             0.00057323,             0.00057323
                     65,                0.81829,                0.73915,                 1.2384,                0.65186,                0.61799,                0.65757,                 0.4254,                 1.3025,                 1.2071,                  1.904,             0.00056911,             0.00056911,             0.00056911
                     66,                0.81002,                0.72392,                 1.2295,                0.69404,                 0.5707,                 0.6351,                0.40229,                 1.3319,                 1.3406,                 1.9274,             0.00056498,             0.00056498,             0.00056498
                     67,                0.80884,                0.72416,                 1.2234,                0.63455,                0.62263,                0.66469,                0.42746,                 1.3337,                 1.2607,                 1.9027,             0.00056086,             0.00056086,             0.00056086
                     68,                0.81443,                0.70812,                 1.2296,                0.66488,                0.60691,                0.62996,                0.40858,                 1.3158,                 1.2875,                 1.8986,             0.00055674,             0.00055674,             0.00055674
                     69,                 0.8042,                0.71507,                 1.2223,                0.75685,                 0.5374,                0.61183,                0.38891,                 1.3075,                 1.2971,                 1.9074,             0.00055261,             0.00055261,             0.00055261
                     70,                0.80304,                0.72688,                 1.2247,                0.69981,                0.58069,                0.65577,                0.41916,                  1.299,                 1.2676,                 1.8646,             0.00054849,             0.00054849,             0.00054849
                     71,                 0.7958,                0.70408,                 1.2236,                0.71884,                0.54459,                0.61909,                0.39326,                 1.3224,                 1.3484,                 1.8938,             0.00054437,             0.00054437,             0.00054437
                     72,                0.79116,                0.69532,                  1.215,                0.74695,                0.56764,                0.64971,                0.42031,                 1.3072,                 1.3188,                 1.9087,             0.00054024,             0.00054024,             0.00054024
                     73,                 0.7804,                0.69267,                 1.2107,                0.61676,                0.63772,                0.62771,                0.39988,                 1.3172,                 1.3382,                 1.8981,             0.00053612,             0.00053612,             0.00053612
                     74,                0.78476,                0.68783,                 1.2168,                0.67771,                0.57853,                0.60953,                0.38733,                 1.3466,                 1.3067,                  1.949,               0.000532,               0.000532,               0.000532
                     75,                0.77577,                0.66791,                 1.2094,                0.64566,                0.59923,                0.62253,                0.40351,                 1.3004,                 1.2708,                 1.8672,             0.00052787,             0.00052787,             0.00052787
                     76,                0.77031,                0.68166,                 1.2041,                0.67224,                0.60811,                 0.6601,                0.41751,                 1.3136,                 1.2406,                 1.9157,             0.00052375,             0.00052375,             0.00052375
                     77,                0.76813,                 0.6789,                  1.201,                0.75068,                0.50846,                0.63639,                0.41273,                 1.2955,                 1.2584,                 1.9014,             0.00051963,             0.00051963,             0.00051963
                     78,                0.76617,                0.67058,                 1.2003,                0.72058,                0.58565,                0.63465,                0.40403,                 1.2908,                 1.2738,                 1.8962,              0.0005155,              0.0005155,              0.0005155
                     79,                 0.7621,                0.65429,                 1.2001,                0.68532,                0.58227,                0.62802,                 0.3939,                  1.313,                 1.3495,                 1.9482,             0.00051138,             0.00051138,             0.00051138
                     80,                0.76153,                0.63945,                 1.1927,                0.67728,                0.60985,                0.64689,                0.41024,                 1.3601,                 1.3092,                 1.9305,             0.00050726,             0.00050726,             0.00050726
                     81,                0.77098,                0.65856,                 1.1917,                0.61812,                0.62105,                0.64971,                0.40838,                 1.3426,                 1.3007,                 1.9507,             0.00050313,             0.00050313,             0.00050313
                     82,                0.76845,                0.65126,                 1.2093,                0.64455,                0.63274,                 0.6549,                0.42242,                 1.2952,                   1.32,                 1.9246,             0.00049901,             0.00049901,             0.00049901
                     83,                0.75961,                0.64668,                 1.1936,                 0.6354,                0.60197,                0.63749,                0.41074,                 1.3394,                 1.2733,                 1.9404,             0.00049489,             0.00049489,             0.00049489
                     84,                 0.7468,                 0.6431,                 1.1858,                0.68903,                0.59693,                0.65124,                0.41113,                 1.3318,                 1.3309,                 1.9261,             0.00049076,             0.00049076,             0.00049076
                     85,                0.74114,                 0.6383,                 1.1858,                 0.6882,                0.56732,                0.64594,                0.40363,                 1.3416,                 1.2343,                 1.9488,             0.00048664,             0.00048664,             0.00048664
                     86,                0.74686,                0.64578,                 1.1911,                0.65486,                0.62791,                0.65963,                0.42496,                 1.2793,                 1.2662,                  1.874,             0.00048252,             0.00048252,             0.00048252
                     87,                0.73933,                0.62576,                 1.1709,                0.72194,                0.56231,                0.62133,                0.39657,                 1.3005,                 1.2992,                 1.9199,             0.00047839,             0.00047839,             0.00047839
                     88,                0.72504,                0.62272,                 1.1789,                 0.7444,                0.54403,                0.61581,                0.39189,                 1.2884,                 1.3086,                 1.9159,             0.00047427,             0.00047427,             0.00047427
                     89,                0.74182,                 0.6357,                 1.1813,                0.63008,                0.62959,                 0.6238,                0.39967,                 1.3307,                 1.2582,                 1.9547,             0.00047015,             0.00047015,             0.00047015
                     90,                 0.7258,                0.61644,                 1.1734,                0.73369,                0.59692,                0.67221,                0.41699,                 1.3237,                 1.2368,                 1.9291,             0.00046602,             0.00046602,             0.00046602
                     91,                0.73688,                0.61458,                 1.1702,                0.64354,                0.63558,                0.65761,                0.41527,                 1.3511,                 1.2656,                      2,              0.0004619,              0.0004619,              0.0004619
                     92,                0.73308,                 0.6211,                 1.1676,                0.74958,                0.56229,                0.63322,                0.40303,                 1.3313,                 1.2861,                   1.96,             0.00045778,             0.00045778,             0.00045778
                     93,                0.72725,                0.60858,                 1.1733,                0.77392,                0.60172,                0.66774,                0.41599,                 1.3266,                 1.2434,                 1.9714,             0.00045365,             0.00045365,             0.00045365
                     94,                0.72246,                0.61496,                 1.1649,                0.67818,                0.62233,                0.63748,                0.40737,                 1.2975,                  1.296,                 1.9222,             0.00044953,             0.00044953,             0.00044953
                     95,                0.72546,                0.60262,                 1.1711,                0.78233,                0.56584,                0.64177,                0.40415,                 1.3221,                  1.252,                 1.9331,             0.00044541,             0.00044541,             0.00044541
                     96,                0.71983,                0.60656,                 1.1682,                0.70308,                0.61235,                0.64789,                0.40889,                 1.3109,                 1.2536,                 1.9171,             0.00044128,             0.00044128,             0.00044128
                     97,                0.72913,                0.60964,                 1.1676,                0.73594,                0.59543,                0.65628,                0.42102,                 1.3307,                 1.2553,                 1.9692,             0.00043716,             0.00043716,             0.00043716
                     98,                0.70368,                0.59218,                 1.1559,                0.65505,                0.62242,                0.64336,                0.41946,                 1.3206,                 1.2598,                 1.9531,             0.00043304,             0.00043304,             0.00043304
                     99,                0.70093,                0.57943,                 1.1457,                0.75787,                0.58232,                0.64019,                0.40203,                 1.3627,                 1.3091,                  1.991,             0.00042891,             0.00042891,             0.00042891
                    100,                0.70923,                0.58226,                 1.1636,                0.65127,                 0.6164,                0.63842,                0.40331,                 1.3322,                  1.276,                 1.9359,             0.00042479,             0.00042479,             0.00042479
                    101,                 0.6932,                0.57146,                 1.1477,                 0.7915,                0.56449,                0.66018,                0.41585,                 1.3443,                 1.2701,                 1.9935,             0.00042066,             0.00042066,             0.00042066
                    102,                0.69965,                0.57247,                  1.154,                0.77228,                0.57813,                0.65306,                0.41964,                 1.3417,                 1.2332,                 1.9932,             0.00041654,             0.00041654,             0.00041654
                    103,                0.69382,                0.57212,                  1.147,                0.79892,                0.55829,                 0.6651,                0.42773,                 1.3386,                 1.2637,                 1.9908,             0.00041242,             0.00041242,             0.00041242
                    104,                0.69986,                0.57118,                 1.1541,                0.71121,                 0.6041,                0.66741,                0.41301,                 1.3322,                  1.254,                 1.9795,             0.00040829,             0.00040829,             0.00040829
                    105,                0.69797,                0.58189,                 1.1534,                0.75811,                0.55306,                0.63003,                0.40661,                 1.3139,                 1.3113,                 1.9696,             0.00040417,             0.00040417,             0.00040417
                    106,                0.68327,                0.57723,                 1.1417,                0.69714,                0.60807,                0.64351,                0.41026,                 1.3064,                 1.2812,                 1.9837,             0.00040005,             0.00040005,             0.00040005
                    107,                0.68698,                0.56073,                 1.1507,                0.74484,                0.60998,                0.65899,                0.42904,                 1.3087,                 1.2716,                 1.9721,             0.00039592,             0.00039592,             0.00039592
                    108,                0.68273,                0.56452,                 1.1467,                0.73453,                0.66349,                0.68082,                0.44059,                 1.2841,                 1.2361,                 1.9208,              0.0003918,              0.0003918,              0.0003918
                    109,                0.68597,                0.56271,                 1.1332,                0.75119,                0.62323,                0.68401,                 0.4427,                 1.3105,                  1.177,                 1.9643,             0.00038768,             0.00038768,             0.00038768
                    110,                0.68739,                0.57442,                 1.1466,                0.81169,                0.58865,                0.67999,                0.44536,                 1.3165,                 1.2364,                 1.9359,             0.00038355,             0.00038355,             0.00038355
                    111,                0.68034,                0.55404,                 1.1504,                0.66931,                0.59367,                0.64763,                0.41674,                 1.3217,                 1.3444,                 1.9711,             0.00037943,             0.00037943,             0.00037943
                    112,                0.68447,                0.57015,                 1.1464,                0.77328,                0.56074,                0.65061,                0.42001,                 1.3123,                 1.2553,                 1.9568,             0.00037531,             0.00037531,             0.00037531
                    113,                0.66313,                0.54645,                 1.1355,                 0.7283,                0.60332,                0.65607,                 0.4178,                 1.3148,                 1.2243,                 1.9834,             0.00037118,             0.00037118,             0.00037118
                    114,                0.66144,                0.54033,                 1.1347,                0.67842,                0.64076,                0.66376,                0.42768,                 1.2856,                 1.2286,                 1.9206,             0.00036706,             0.00036706,             0.00036706
                    115,                0.67363,                0.54814,                 1.1309,                0.65984,                0.65729,                0.66242,                0.42659,                 1.3038,                 1.2252,                 1.9589,             0.00036294,             0.00036294,             0.00036294
                    116,                0.66524,                0.52916,                 1.1249,                0.74783,                 0.6264,                0.66075,                 0.4293,                 1.2903,                  1.241,                 1.9492,             0.00035881,             0.00035881,             0.00035881
                    117,                0.66343,                0.54351,                 1.1313,                0.69094,                0.60734,                0.65495,                0.42449,                 1.2913,                 1.2097,                 1.9534,             0.00035469,             0.00035469,             0.00035469
                    118,                0.65945,                0.54186,                  1.127,                0.71518,                0.60811,                 0.6653,                0.42804,                 1.2936,                 1.2703,                 1.9574,             0.00035057,             0.00035057,             0.00035057
                    119,                0.64725,                0.53277,                 1.1258,                0.76795,                 0.6181,                0.68218,                0.44312,                 1.3058,                 1.1933,                 1.9661,             0.00034644,             0.00034644,             0.00034644
                    120,                0.64714,                0.53567,                 1.1253,                0.77322,                0.58544,                0.66079,                0.44176,                 1.2857,                 1.2305,                 1.9408,             0.00034232,             0.00034232,             0.00034232
                    121,                0.64384,                0.51919,                 1.1168,                0.74738,                0.59172,                0.65344,                0.42823,                 1.3004,                 1.2026,                 1.9605,              0.0003382,              0.0003382,              0.0003382
                    122,                0.66023,                0.53647,                 1.1223,                0.76609,                  0.544,                0.64368,                0.41571,                 1.2952,                 1.2223,                 1.9821,             0.00033407,             0.00033407,             0.00033407
                    123,                0.64908,                 0.5311,                 1.1213,                0.72474,                 0.5491,                0.63501,                0.41557,                 1.3129,                 1.2143,                 1.9821,             0.00032995,             0.00032995,             0.00032995
                    124,                0.64644,                0.52686,                  1.124,                0.76997,                0.52809,                0.61614,                 0.3991,                 1.3094,                 1.3174,                 1.9783,             0.00032583,             0.00032583,             0.00032583
                    125,                0.64547,                0.52442,                  1.118,                0.69779,                0.54111,                0.62245,                0.40535,                 1.2978,                 1.3007,                 1.9643,              0.0003217,              0.0003217,              0.0003217
                    126,                0.64376,                0.52116,                 1.1161,                0.66374,                0.62095,                0.64328,                0.41606,                  1.293,                 1.2069,                 1.9373,             0.00031758,             0.00031758,             0.00031758
                    127,                0.64776,                0.52014,                 1.1205,                0.67077,                0.60156,                0.63477,                0.40778,                  1.292,                 1.1833,                 1.9651,             0.00031346,             0.00031346,             0.00031346
                    128,                0.64318,                0.51496,                 1.1166,                 0.7511,                0.63611,                0.66212,                0.42768,                 1.2962,                 1.1765,                 1.9708,             0.00030933,             0.00030933,             0.00030933
                    129,                0.63411,                0.51433,                  1.113,                0.78419,                0.56699,                0.64545,                0.41996,                  1.316,                 1.2249,                 1.9915,             0.00030521,             0.00030521,             0.00030521
                    130,                0.63903,                0.51133,                 1.1167,                0.66841,                0.65316,                0.66063,                0.42863,                   1.29,                 1.1878,                 1.9498,             0.00030109,             0.00030109,             0.00030109
                    131,                0.64049,                0.50918,                 1.1103,                0.73873,                0.60084,                0.65737,                0.42846,                 1.2914,                 1.2063,                 1.9799,             0.00029696,             0.00029696,             0.00029696
                    132,                0.63699,                0.50262,                 1.1123,                0.76005,                0.58521,                0.66795,                0.43433,                 1.3152,                  1.232,                 2.0137,             0.00029284,             0.00029284,             0.00029284
                    133,                 0.6227,                0.49585,                  1.106,                0.77633,                0.56374,                0.65048,                0.42477,                 1.2985,                 1.2325,                 1.9643,             0.00028872,             0.00028872,             0.00028872
                    134,                0.64375,                0.51584,                 1.1135,                0.61838,                0.64615,                 0.6469,                0.41947,                 1.3323,                 1.2659,                 2.0415,             0.00028459,             0.00028459,             0.00028459
                    135,                0.62416,                0.50004,                 1.1016,                 0.7317,                0.57279,                0.64083,                0.41444,                 1.2808,                 1.2418,                 1.9781,             0.00028047,             0.00028047,             0.00028047
                    136,                0.61491,                0.50007,                 1.1056,                0.71818,                0.60712,                0.67045,                0.43325,                 1.3076,                 1.2297,                 1.9912,             0.00027635,             0.00027635,             0.00027635
                    137,                 0.6161,                0.50075,                 1.0994,                0.77456,                0.59653,                0.66534,                0.43261,                 1.3259,                 1.2659,                 2.0417,             0.00027222,             0.00027222,             0.00027222
                    138,                0.60692,                0.47931,                  1.095,                 0.8172,                0.57824,                0.65676,                 0.4268,                 1.3031,                 1.2442,                 1.9824,              0.0002681,              0.0002681,              0.0002681
                    139,                0.60428,                0.48512,                 1.1002,                0.68844,                0.64512,                0.66004,                0.42755,                 1.2993,                 1.2636,                 1.9858,             0.00026398,             0.00026398,             0.00026398
                    140,                 0.6035,                0.48151,                 1.0957,                0.66125,                0.66958,                0.67131,                0.44382,                 1.2965,                 1.2251,                  2.005,             0.00025985,             0.00025985,             0.00025985
                    141,                0.60288,                0.48814,                  1.089,                0.74153,                0.58633,                0.63541,                0.41753,                 1.2875,                 1.2354,                 1.9892,             0.00025573,             0.00025573,             0.00025573
                    142,                0.60863,                0.48041,                 1.0954,                0.72983,                0.62171,                0.65895,                0.43132,                 1.3046,                 1.2149,                 2.0032,             0.00025161,             0.00025161,             0.00025161
                    143,                0.60643,                0.48231,                 1.0976,                 0.7027,                0.59941,                0.65132,                 0.4267,                 1.3256,                 1.2384,                 2.0274,             0.00024748,             0.00024748,             0.00024748
                    144,                0.60038,                 0.4766,                 1.0887,                0.69708,                0.60469,                0.65135,                0.42662,                 1.3127,                 1.2534,                  2.016,             0.00024336,             0.00024336,             0.00024336
                    145,                0.60445,                0.48266,                  1.093,                0.80013,                0.55443,                0.65159,                0.42312,                  1.315,                 1.2517,                 2.0052,             0.00023924,             0.00023924,             0.00023924
                    146,                0.59852,                0.47627,                 1.0934,                0.76956,                0.54586,                0.63077,                0.41282,                 1.3119,                 1.2763,                 2.0197,             0.00023511,             0.00023511,             0.00023511
                    147,                 0.5939,                0.47658,                 1.0904,                0.74482,                0.57957,                0.64357,                0.41857,                 1.3243,                 1.2765,                 2.0353,             0.00023099,             0.00023099,             0.00023099
                    148,                0.59216,                0.46755,                 1.0868,                0.79176,                0.54457,                 0.6568,                0.42051,                 1.3109,                 1.2449,                 2.0013,             0.00022687,             0.00022687,             0.00022687
                    149,                0.59698,                0.47178,                 1.0906,                0.81963,                0.58519,                0.66451,                0.42793,                 1.3134,                 1.2197,                 2.0009,             0.00022274,             0.00022274,             0.00022274
                    150,                0.58706,                0.47138,                 1.0898,                0.74709,                0.59215,                0.65327,                0.41476,                  1.315,                 1.2407,                 2.0191,             0.00021862,             0.00021862,             0.00021862
                    151,                0.59341,                0.47031,                 1.0885,                0.63415,                0.63999,                 0.6532,                0.42155,                 1.3073,                 1.1822,                 2.0115,              0.0002145,              0.0002145,              0.0002145
                    152,                0.57825,                  0.461,                 1.0837,                0.77601,                0.55754,                0.66365,                0.42959,                 1.3081,                   1.15,                 2.0119,             0.00021037,             0.00021037,             0.00021037
                    153,                0.58504,                0.46416,                  1.084,                0.73914,                0.58662,                0.65683,                0.42823,                 1.3003,                 1.2096,                 1.9995,             0.00020625,             0.00020625,             0.00020625
                    154,                0.58774,                0.46213,                 1.0846,                0.74544,                0.56777,                0.65502,                0.42295,                  1.312,                 1.2049,                 2.0112,             0.00020213,             0.00020213,             0.00020213
                    155,                0.58383,                0.46843,                 1.0838,                0.69635,                 0.6264,                0.66618,                0.43266,                 1.3186,                 1.2097,                 2.0375,               0.000198,               0.000198,               0.000198
                    156,                0.58048,                0.45679,                 1.0791,                0.71064,                0.60401,                0.64834,                0.42242,                 1.3206,                 1.2673,                 2.0415,             0.00019388,             0.00019388,             0.00019388
                    157,                0.57684,                0.44848,                 1.0764,                0.73365,                0.58808,                0.66096,                0.42752,                 1.3338,                 1.2541,                 2.0478,             0.00018976,             0.00018976,             0.00018976
                    158,                0.57078,                0.45006,                  1.077,                0.72201,                0.59333,                 0.6476,                0.41848,                 1.3252,                 1.2666,                 2.0408,             0.00018563,             0.00018563,             0.00018563
                    159,                0.57358,                0.45567,                 1.0819,                0.77827,                0.57852,                0.64905,                0.42203,                 1.3225,                 1.2674,                 2.0445,             0.00018151,             0.00018151,             0.00018151
                    160,                0.57819,                0.46292,                 1.0821,                0.73785,                0.61638,                0.65957,                0.43349,                 1.3358,                 1.2558,                 2.0542,             0.00017739,             0.00017739,             0.00017739
                    161,                0.56734,                0.44456,                 1.0688,                0.75405,                0.62045,                0.66634,                0.43451,                   1.31,                 1.2205,                 2.0305,             0.00017326,             0.00017326,             0.00017326
                    162,                0.57333,                0.43957,                 1.0687,                0.71514,                0.63476,                0.66714,                0.43162,                 1.3106,                 1.2421,                 2.0427,             0.00016914,             0.00016914,             0.00016914
                    163,                0.56474,                0.44458,                 1.0741,                0.81155,                0.60152,                0.66211,                0.42565,                 1.3265,                 1.2508,                 2.0472,             0.00016502,             0.00016502,             0.00016502
                    164,                0.56455,                0.43978,                 1.0725,                0.72098,                0.61888,                0.65776,                0.42996,                 1.3187,                 1.2436,                 2.0469,             0.00016089,             0.00016089,             0.00016089
                    165,                  0.565,                0.44345,                 1.0678,                0.79399,                0.56338,                0.65288,                0.42399,                 1.3132,                 1.2436,                   2.04,             0.00015677,             0.00015677,             0.00015677
                    166,                 0.5613,                0.44553,                 1.0704,                0.77505,                0.58209,                0.64676,                0.41626,                 1.3308,                 1.2559,                 2.0775,             0.00015265,             0.00015265,             0.00015265
                    167,                0.56021,                0.43512,                  1.064,                0.80876,                 0.5705,                0.65152,                0.42018,                  1.345,                 1.2606,                 2.0759,             0.00014852,             0.00014852,             0.00014852
                    168,                0.56029,                0.43801,                 1.0683,                0.78765,                0.57775,                0.63267,                0.41231,                 1.3258,                 1.2699,                 2.0611,              0.0001444,              0.0001444,              0.0001444
                    169,                0.55369,                0.42883,                 1.0653,                0.72724,                0.58035,                0.63011,                0.40498,                 1.3248,                 1.2827,                 2.0581,             0.00014028,             0.00014028,             0.00014028
                    170,                0.56547,                0.43958,                 1.0689,                0.70041,                0.58698,                0.61991,                0.39793,                 1.3298,                 1.2902,                 2.0728,             0.00013615,             0.00013615,             0.00013615
                    171,                 0.5531,                0.42603,                 1.0668,                0.79087,                0.52229,                0.61715,                0.39639,                 1.3158,                 1.3033,                 2.0664,             0.00013203,             0.00013203,             0.00013203
                    172,                 0.5571,                0.42973,                 1.0615,                0.77509,                0.52863,                0.61283,                0.39118,                 1.3336,                 1.3165,                 2.0698,             0.00012791,             0.00012791,             0.00012791
                    173,                0.55094,                0.42796,                 1.0567,                0.75335,                0.56614,                0.62529,                0.40073,                 1.3458,                  1.323,                  2.081,             0.00012378,             0.00012378,             0.00012378
                    174,                0.54237,                 0.4293,                 1.0609,                 0.6169,                0.63692,                0.62685,                 0.4036,                 1.3244,                 1.3035,                 2.0611,             0.00011966,             0.00011966,             0.00011966
                    175,                0.54571,                0.43077,                 1.0653,                 0.6655,                0.61985,                0.64003,                0.41647,                  1.337,                  1.293,                 2.0812,             0.00011554,             0.00011554,             0.00011554
                    176,                0.54842,                 0.4284,                 1.0631,                0.68485,                0.60125,                0.63914,                0.40892,                  1.346,                 1.3091,                 2.0929,             0.00011141,             0.00011141,             0.00011141
                    177,                0.53936,                0.41895,                 1.0592,                 0.6938,                0.60109,                0.63595,                0.41413,                 1.3514,                  1.308,                 2.1007,             0.00010729,             0.00010729,             0.00010729
                    178,                0.54326,                0.41635,                 1.0584,                0.65857,                0.60301,                0.63112,                0.40743,                 1.3337,                 1.3114,                 2.0811,             0.00010317,             0.00010317,             0.00010317
                    179,                0.53867,                0.42283,                 1.0597,                0.65534,                 0.6159,                0.63725,                0.41187,                 1.3348,                 1.2957,                 2.0823,             9.9044e-05,             9.9044e-05,             9.9044e-05
                    180,                0.53339,                0.41457,                 1.0506,                 0.6271,                0.64039,                0.64138,                0.41246,                  1.331,                 1.3046,                 2.0812,              9.492e-05,              9.492e-05,              9.492e-05
                    181,                0.54035,                0.41844,                 1.0615,                 0.7287,                0.56432,                0.64088,                0.41355,                 1.3365,                 1.3063,                 2.0875,             9.0797e-05,             9.0797e-05,             9.0797e-05
                    182,                0.53209,                0.42083,                 1.0554,                0.69614,                0.58176,                0.63383,                0.40478,                 1.3413,                 1.3131,                 2.0905,             8.6674e-05,             8.6674e-05,             8.6674e-05
                    183,                0.53767,                0.41915,                 1.0531,                0.62651,                0.62415,                0.63335,                0.41192,                 1.3358,                 1.3005,                 2.0789,              8.255e-05,              8.255e-05,              8.255e-05
                    184,                0.53503,                0.41559,                 1.0511,                0.79171,                0.52789,                0.64226,                0.41456,                 1.3327,                 1.3081,                 2.0788,             7.8427e-05,             7.8427e-05,             7.8427e-05
                    185,                0.52358,                0.40382,                 1.0457,                0.61967,                0.62453,                0.64376,                0.41834,                 1.3238,                 1.3006,                 2.0634,             7.4304e-05,             7.4304e-05,             7.4304e-05
                    186,                0.52481,                0.41363,                 1.0508,                0.71526,                0.57078,                0.64402,                0.41947,                 1.3241,                 1.3053,                 2.0629,              7.018e-05,              7.018e-05,              7.018e-05
                    187,                0.51989,                0.40328,                 1.0466,                0.68604,                 0.5868,                0.64271,                0.41531,                 1.3302,                 1.3159,                 2.0756,             6.6057e-05,             6.6057e-05,             6.6057e-05
                    188,                0.53096,                0.41058,                 1.0576,                0.75854,                0.55155,                0.63848,                0.41187,                 1.3314,                 1.3139,                 2.0936,             6.1934e-05,             6.1934e-05,             6.1934e-05
                    189,                 0.5309,                0.41024,                 1.0553,                0.73952,                0.56012,                0.63822,                0.41084,                 1.3306,                 1.3083,                 2.0911,              5.781e-05,              5.781e-05,              5.781e-05
                    190,                0.52582,                0.40504,                 1.0533,                0.64384,                0.62707,                0.64305,                0.41666,                 1.3222,                 1.2883,                 2.0799,             5.3687e-05,             5.3687e-05,             5.3687e-05
                    191,                0.40312,                 0.2695,                0.99066,                0.74475,                0.54089,                0.62698,                0.40502,                 1.3174,                 1.2656,                 2.0883,             4.9564e-05,             4.9564e-05,             4.9564e-05
                    192,                0.38875,                0.24928,                0.98039,                0.79834,                0.52304,                0.62815,                0.41185,                 1.3124,                 1.2649,                 2.0943,              4.544e-05,              4.544e-05,              4.544e-05
                    193,                0.38614,                0.24865,                0.96981,                0.71756,                0.55362,                0.62438,                0.41253,                   1.31,                 1.2799,                 2.1032,             4.1317e-05,             4.1317e-05,             4.1317e-05
                    194,                0.38503,                 0.2407,                0.97073,                0.74586,                0.55395,                0.62169,                0.41024,                 1.3096,                  1.282,                 2.1096,             3.7193e-05,             3.7193e-05,             3.7193e-05
                    195,                0.37186,                0.24127,                0.96186,                0.74419,                0.55167,                0.61412,                0.40463,                 1.3092,                 1.2802,                 2.1132,              3.307e-05,              3.307e-05,              3.307e-05
                    196,                0.37645,                0.24169,                0.96681,                0.75495,                0.54064,                0.61851,                0.40801,                 1.3088,                 1.2841,                 2.1128,             2.8947e-05,             2.8947e-05,             2.8947e-05
                    197,                0.37538,                0.23748,                0.95264,                0.74086,                   0.54,                0.61757,                0.40552,                 1.3066,                 1.2887,                 2.1123,             2.4823e-05,             2.4823e-05,             2.4823e-05
                    198,                  0.368,                0.23443,                0.96602,                0.72228,                0.54852,                0.61645,                0.40602,                 1.2986,                 1.2915,                 2.1026,               2.07e-05,               2.07e-05,               2.07e-05
                    199,                0.36396,                 0.2309,                 0.9529,                0.73325,                0.56129,                0.61925,                0.40945,                 1.2953,                 1.2905,                  2.103,             1.6577e-05,             1.6577e-05,             1.6577e-05
                    200,                0.36668,                0.23162,                0.95948,                0.72656,                0.56355,                0.61806,                0.40861,                 1.2965,                 1.2944,                 2.1078,             1.2453e-05,             1.2453e-05,             1.2453e-05
